period,period_window,from_class,to_class,from_lanes,to_lanes,base_transfer_penalty_sec,lane_drop_penalty_sec_per_lane,lane_add_penalty_sec_per_lane,penalty_sec,period_delay_multiplier,notes
AM_PEAK,07:00-09:59,Nat,Nat,1,1,2,2,1,2,1.2,
MIDDAY,10:00-16:59,Nat,Nat,1,1,2,2,1,2,1.0,
PM_PEAK,17:00-19:59,Nat,Nat,1,1,2,2,1,2,1.25,
NIGHT,20:00-06:59,Nat,Nat,1,1,2,2,1,2,0.7,
AM_PEAK,07:00-09:59,Nat,Nat,1,2,2,2,1,3,1.2,
MIDDAY,10:00-16:59,Nat,Nat,1,2,2,2,1,3,1.0,
PM_PEAK,17:00-19:59,Nat,Nat,1,2,2,2,1,3,1.25,
NIGHT,20:00-06:59,Nat,Nat,1,2,2,2,1,3,0.7,
AM_PEAK,07:00-09:59,Nat,Nat,1,3,2,2,1,4,1.2,
MIDDAY,10:00-16:59,Nat,Nat,1,3,2,2,1,4,1.0,
PM_PEAK,17:00-19:59,Nat,Nat,1,3,2,2,1,4,1.25,
NIGHT,20:00-06:59,Nat,Nat,1,3,2,2,1,4,0.7,
AM_PEAK,07:00-09:59,Nat,Nat,1,4,2,2,1,5,1.2,
MIDDAY,10:00-16:59,Nat,Nat,1,4,2,2,1,5,1.0,
PM_PEAK,17:00-19:59,Nat,Nat,1,4,2,2,1,5,1.25,
NIGHT,20:00-06:59,Nat,Nat,1,4,2,2,1,5,0.7,
AM_PEAK,07:00-09:59,Nat,Nat,2,1,2,2,1,4,1.2,
MIDDAY,10:00-16:59,Nat,Nat,2,1,2,2,1,4,1.0,
PM_PEAK,17:00-19:59,Nat,Nat,2,1,2,2,1,4,1.25,
NIGHT,20:00-06:59,Nat,Nat,2,1,2,2,1,4,0.7,
AM_PEAK,07:00-09:59,Nat,Nat,2,2,2,2,1,2,1.2,
MIDDAY,10:00-16:59,Nat,Nat,2,2,2,2,1,2,1.0,
PM_PEAK,17:00-19:59,Nat,Nat,2,2,2,2,1,2,1.25,
NIGHT,20:00-06:59,Nat,Nat,2,2,2,2,1,2,0.7,
AM_PEAK,07:00-09:59,Nat,Nat,2,3,2,2,1,3,1.2,
MIDDAY,10:00-16:59,Nat,Nat,2,3,2,2,1,3,1.0,
PM_PEAK,17:00-19:59,Nat,Nat,2,3,2,2,1,3,1.25,
NIGHT,20:00-06:59,Nat,Nat,2,3,2,2,1,3,0.7,
AM_PEAK,07:00-09:59,Nat,Nat,2,4,2,2,1,4,1.2,
MIDDAY,10:00-16:59,Nat,Nat,2,4,2,2,1,4,1.0,
PM_PEAK,17:00-19:59,Nat,Nat,2,4,2,2,1,4,1.25,
NIGHT,20:00-06:59,Nat,Nat,2,4,2,2,1,4,0.7,
AM_PEAK,07:00-09:59,Nat,Nat,3,1,2,2,1,6,1.2,
MIDDAY,10:00-16:59,Nat,Nat,3,1,2,2,1,6,1.0,
PM_PEAK,17:00-19:59,Nat,Nat,3,1,2,2,1,6,1.25,
NIGHT,20:00-06:59,Nat,Nat,3,1,2,2,1,6,0.7,
AM_PEAK,07:00-09:59,Nat,Nat,3,2,2,2,1,4,1.2,
MIDDAY,10:00-16:59,Nat,Nat,3,2,2,2,1,4,1.0,
PM_PEAK,17:00-19:59,Nat,Nat,3,2,2,2,1,4,1.25,
NIGHT,20:00-06:59,Nat,Nat,3,2,2,2,1,4,0.7,
AM_PEAK,07:00-09:59,Nat,Nat,3,3,2,2,1,2,1.2,
MIDDAY,10:00-16:59,Nat,Nat,3,3,2,2,1,2,1.0,
PM_PEAK,17:00-19:59,Nat,Nat,3,3,2,2,1,2,1.25,
NIGHT,20:00-06:59,Nat,Nat,3,3,2,2,1,2,0.7,
AM_PEAK,07:00-09:59,Nat,Nat,3,4,2,2,1,3,1.2,
MIDDAY,10:00-16:59,Nat,Nat,3,4,2,2,1,3,1.0,
PM_PEAK,17:00-19:59,Nat,Nat,3,4,2,2,1,3,1.25,
NIGHT,20:00-06:59,Nat,Nat,3,4,2,2,1,3,0.7,
AM_PEAK,07:00-09:59,Nat,Nat,4,1,2,2,1,8,1.2,
MIDDAY,10:00-16:59,Nat,Nat,4,1,2,2,1,8,1.0,
PM_PEAK,17:00-19:59,Nat,Nat,4,1,2,2,1,8,1.25,
NIGHT,20:00-06:59,Nat,Nat,4,1,2,2,1,8,0.7,
AM_PEAK,07:00-09:59,Nat,Nat,4,2,2,2,1,6,1.2,
MIDDAY,10:00-16:59,Nat,Nat,4,2,2,2,1,6,1.0,
PM_PEAK,17:00-19:59,Nat,Nat,4,2,2,2,1,6,1.25,
NIGHT,20:00-06:59,Nat,Nat,4,2,2,2,1,6,0.7,
AM_PEAK,07:00-09:59,Nat,Nat,4,3,2,2,1,4,1.2,
MIDDAY,10:00-16:59,Nat,Nat,4,3,2,2,1,4,1.0,
PM_PEAK,17:00-19:59,Nat,Nat,4,3,2,2,1,4,1.25,
NIGHT,20:00-06:59,Nat,Nat,4,3,2,2,1,4,0.7,
AM_PEAK,07:00-09:59,Nat,Nat,4,4,2,2,1,2,1.2,
MIDDAY,10:00-16:59,Nat,Nat,4,4,2,2,1,2,1.0,
PM_PEAK,17:00-19:59,Nat,Nat,4,4,2,2,1,2,1.25,
NIGHT,20:00-06:59,Nat,Nat,4,4,2,2,1,2,0.7,
AM_PEAK,07:00-09:59,Nat,Pref,1,1,4,2,1,4,1.2,
MIDDAY,10:00-16:59,Nat,Pref,1,1,4,2,1,4,1.0,
PM_PEAK,17:00-19:59,Nat,Pref,1,1,4,2,1,4,1.25,
NIGHT,20:00-06:59,Nat,Pref,1,1,4,2,1,4,0.7,
AM_PEAK,07:00-09:59,Nat,Pref,1,2,4,2,1,5,1.2,
MIDDAY,10:00-16:59,Nat,Pref,1,2,4,2,1,5,1.0,
PM_PEAK,17:00-19:59,Nat,Pref,1,2,4,2,1,5,1.25,
NIGHT,20:00-06:59,Nat,Pref,1,2,4,2,1,5,0.7,
AM_PEAK,07:00-09:59,Nat,Pref,1,3,4,2,1,6,1.2,
MIDDAY,10:00-16:59,Nat,Pref,1,3,4,2,1,6,1.0,
PM_PEAK,17:00-19:59,Nat,Pref,1,3,4,2,1,6,1.25,
NIGHT,20:00-06:59,Nat,Pref,1,3,4,2,1,6,0.7,
AM_PEAK,07:00-09:59,Nat,Pref,1,4,4,2,1,7,1.2,
MIDDAY,10:00-16:59,Nat,Pref,1,4,4,2,1,7,1.0,
PM_PEAK,17:00-19:59,Nat,Pref,1,4,4,2,1,7,1.25,
NIGHT,20:00-06:59,Nat,Pref,1,4,4,2,1,7,0.7,
AM_PEAK,07:00-09:59,Nat,Pref,2,1,4,2,1,6,1.2,
MIDDAY,10:00-16:59,Nat,Pref,2,1,4,2,1,6,1.0,
PM_PEAK,17:00-19:59,Nat,Pref,2,1,4,2,1,6,1.25,
NIGHT,20:00-06:59,Nat,Pref,2,1,4,2,1,6,0.7,
AM_PEAK,07:00-09:59,Nat,Pref,2,2,4,2,1,4,1.2,
MIDDAY,10:00-16:59,Nat,Pref,2,2,4,2,1,4,1.0,
PM_PEAK,17:00-19:59,Nat,Pref,2,2,4,2,1,4,1.25,
NIGHT,20:00-06:59,Nat,Pref,2,2,4,2,1,4,0.7,
AM_PEAK,07:00-09:59,Nat,Pref,2,3,4,2,1,5,1.2,
MIDDAY,10:00-16:59,Nat,Pref,2,3,4,2,1,5,1.0,
PM_PEAK,17:00-19:59,Nat,Pref,2,3,4,2,1,5,1.25,
NIGHT,20:00-06:59,Nat,Pref,2,3,4,2,1,5,0.7,
AM_PEAK,07:00-09:59,Nat,Pref,2,4,4,2,1,6,1.2,
MIDDAY,10:00-16:59,Nat,Pref,2,4,4,2,1,6,1.0,
PM_PEAK,17:00-19:59,Nat,Pref,2,4,4,2,1,6,1.25,
NIGHT,20:00-06:59,Nat,Pref,2,4,4,2,1,6,0.7,
AM_PEAK,07:00-09:59,Nat,Pref,3,1,4,2,1,8,1.2,
MIDDAY,10:00-16:59,Nat,Pref,3,1,4,2,1,8,1.0,
PM_PEAK,17:00-19:59,Nat,Pref,3,1,4,2,1,8,1.25,
NIGHT,20:00-06:59,Nat,Pref,3,1,4,2,1,8,0.7,
AM_PEAK,07:00-09:59,Nat,Pref,3,2,4,2,1,6,1.2,
MIDDAY,10:00-16:59,Nat,Pref,3,2,4,2,1,6,1.0,
PM_PEAK,17:00-19:59,Nat,Pref,3,2,4,2,1,6,1.25,
NIGHT,20:00-06:59,Nat,Pref,3,2,4,2,1,6,0.7,
AM_PEAK,07:00-09:59,Nat,Pref,3,3,4,2,1,4,1.2,
MIDDAY,10:00-16:59,Nat,Pref,3,3,4,2,1,4,1.0,
PM_PEAK,17:00-19:59,Nat,Pref,3,3,4,2,1,4,1.25,
NIGHT,20:00-06:59,Nat,Pref,3,3,4,2,1,4,0.7,
AM_PEAK,07:00-09:59,Nat,Pref,3,4,4,2,1,5,1.2,
MIDDAY,10:00-16:59,Nat,Pref,3,4,4,2,1,5,1.0,
PM_PEAK,17:00-19:59,Nat,Pref,3,4,4,2,1,5,1.25,
NIGHT,20:00-06:59,Nat,Pref,3,4,4,2,1,5,0.7,
AM_PEAK,07:00-09:59,Nat,Pref,4,1,4,2,1,10,1.2,
MIDDAY,10:00-16:59,Nat,Pref,4,1,4,2,1,10,1.0,
PM_PEAK,17:00-19:59,Nat,Pref,4,1,4,2,1,10,1.25,
NIGHT,20:00-06:59,Nat,Pref,4,1,4,2,1,10,0.7,
AM_PEAK,07:00-09:59,Nat,Pref,4,2,4,2,1,8,1.2,
MIDDAY,10:00-16:59,Nat,Pref,4,2,4,2,1,8,1.0,
PM_PEAK,17:00-19:59,Nat,Pref,4,2,4,2,1,8,1.25,
NIGHT,20:00-06:59,Nat,Pref,4,2,4,2,1,8,0.7,
AM_PEAK,07:00-09:59,Nat,Pref,4,3,4,2,1,6,1.2,
MIDDAY,10:00-16:59,Nat,Pref,4,3,4,2,1,6,1.0,
PM_PEAK,17:00-19:59,Nat,Pref,4,3,4,2,1,6,1.25,
NIGHT,20:00-06:59,Nat,Pref,4,3,4,2,1,6,0.7,
AM_PEAK,07:00-09:59,Nat,Pref,4,4,4,2,1,4,1.2,
MIDDAY,10:00-16:59,Nat,Pref,4,4,4,2,1,4,1.0,
PM_PEAK,17:00-19:59,Nat,Pref,4,4,4,2,1,4,1.25,
NIGHT,20:00-06:59,Nat,Pref,4,4,4,2,1,4,0.7,
AM_PEAK,07:00-09:59,Nat,Muni,1,1,6,2,1,6,1.2,
MIDDAY,10:00-16:59,Nat,Muni,1,1,6,2,1,6,1.0,
PM_PEAK,17:00-19:59,Nat,Muni,1,1,6,2,1,6,1.25,
NIGHT,20:00-06:59,Nat,Muni,1,1,6,2,1,6,0.7,
AM_PEAK,07:00-09:59,Nat,Muni,1,2,6,2,1,7,1.2,
MIDDAY,10:00-16:59,Nat,Muni,1,2,6,2,1,7,1.0,
PM_PEAK,17:00-19:59,Nat,Muni,1,2,6,2,1,7,1.25,
NIGHT,20:00-06:59,Nat,Muni,1,2,6,2,1,7,0.7,
AM_PEAK,07:00-09:59,Nat,Muni,1,3,6,2,1,8,1.2,
MIDDAY,10:00-16:59,Nat,Muni,1,3,6,2,1,8,1.0,
PM_PEAK,17:00-19:59,Nat,Muni,1,3,6,2,1,8,1.25,
NIGHT,20:00-06:59,Nat,Muni,1,3,6,2,1,8,0.7,
AM_PEAK,07:00-09:59,Nat,Muni,1,4,6,2,1,9,1.2,
MIDDAY,10:00-16:59,Nat,Muni,1,4,6,2,1,9,1.0,
PM_PEAK,17:00-19:59,Nat,Muni,1,4,6,2,1,9,1.25,
NIGHT,20:00-06:59,Nat,Muni,1,4,6,2,1,9,0.7,
AM_PEAK,07:00-09:59,Nat,Muni,2,1,6,2,1,8,1.2,
MIDDAY,10:00-16:59,Nat,Muni,2,1,6,2,1,8,1.0,
PM_PEAK,17:00-19:59,Nat,Muni,2,1,6,2,1,8,1.25,
NIGHT,20:00-06:59,Nat,Muni,2,1,6,2,1,8,0.7,
AM_PEAK,07:00-09:59,Nat,Muni,2,2,6,2,1,6,1.2,
MIDDAY,10:00-16:59,Nat,Muni,2,2,6,2,1,6,1.0,
PM_PEAK,17:00-19:59,Nat,Muni,2,2,6,2,1,6,1.25,
NIGHT,20:00-06:59,Nat,Muni,2,2,6,2,1,6,0.7,
AM_PEAK,07:00-09:59,Nat,Muni,2,3,6,2,1,7,1.2,
MIDDAY,10:00-16:59,Nat,Muni,2,3,6,2,1,7,1.0,
PM_PEAK,17:00-19:59,Nat,Muni,2,3,6,2,1,7,1.25,
NIGHT,20:00-06:59,Nat,Muni,2,3,6,2,1,7,0.7,
AM_PEAK,07:00-09:59,Nat,Muni,2,4,6,2,1,8,1.2,
MIDDAY,10:00-16:59,Nat,Muni,2,4,6,2,1,8,1.0,
PM_PEAK,17:00-19:59,Nat,Muni,2,4,6,2,1,8,1.25,
NIGHT,20:00-06:59,Nat,Muni,2,4,6,2,1,8,0.7,
AM_PEAK,07:00-09:59,Nat,Muni,3,1,6,2,1,10,1.2,
MIDDAY,10:00-16:59,Nat,Muni,3,1,6,2,1,10,1.0,
PM_PEAK,17:00-19:59,Nat,Muni,3,1,6,2,1,10,1.25,
NIGHT,20:00-06:59,Nat,Muni,3,1,6,2,1,10,0.7,
AM_PEAK,07:00-09:59,Nat,Muni,3,2,6,2,1,8,1.2,
MIDDAY,10:00-16:59,Nat,Muni,3,2,6,2,1,8,1.0,
PM_PEAK,17:00-19:59,Nat,Muni,3,2,6,2,1,8,1.25,
NIGHT,20:00-06:59,Nat,Muni,3,2,6,2,1,8,0.7,
AM_PEAK,07:00-09:59,Nat,Muni,3,3,6,2,1,6,1.2,
MIDDAY,10:00-16:59,Nat,Muni,3,3,6,2,1,6,1.0,
PM_PEAK,17:00-19:59,Nat,Muni,3,3,6,2,1,6,1.25,
NIGHT,20:00-06:59,Nat,Muni,3,3,6,2,1,6,0.7,
AM_PEAK,07:00-09:59,Nat,Muni,3,4,6,2,1,7,1.2,
MIDDAY,10:00-16:59,Nat,Muni,3,4,6,2,1,7,1.0,
PM_PEAK,17:00-19:59,Nat,Muni,3,4,6,2,1,7,1.25,
NIGHT,20:00-06:59,Nat,Muni,3,4,6,2,1,7,0.7,
AM_PEAK,07:00-09:59,Nat,Muni,4,1,6,2,1,12,1.2,
MIDDAY,10:00-16:59,Nat,Muni,4,1,6,2,1,12,1.0,
PM_PEAK,17:00-19:59,Nat,Muni,4,1,6,2,1,12,1.25,
NIGHT,20:00-06:59,Nat,Muni,4,1,6,2,1,12,0.7,
AM_PEAK,07:00-09:59,Nat,Muni,4,2,6,2,1,10,1.2,
MIDDAY,10:00-16:59,Nat,Muni,4,2,6,2,1,10,1.0,
PM_PEAK,17:00-19:59,Nat,Muni,4,2,6,2,1,10,1.25,
NIGHT,20:00-06:59,Nat,Muni,4,2,6,2,1,10,0.7,
AM_PEAK,07:00-09:59,Nat,Muni,4,3,6,2,1,8,1.2,
MIDDAY,10:00-16:59,Nat,Muni,4,3,6,2,1,8,1.0,
PM_PEAK,17:00-19:59,Nat,Muni,4,3,6,2,1,8,1.25,
NIGHT,20:00-06:59,Nat,Muni,4,3,6,2,1,8,0.7,
AM_PEAK,07:00-09:59,Nat,Muni,4,4,6,2,1,6,1.2,
MIDDAY,10:00-16:59,Nat,Muni,4,4,6,2,1,6,1.0,
PM_PEAK,17:00-19:59,Nat,Muni,4,4,6,2,1,6,1.25,
NIGHT,20:00-06:59,Nat,Muni,4,4,6,2,1,6,0.7,
AM_PEAK,07:00-09:59,Nat,Other,1,1,8,2,1,8,1.2,
MIDDAY,10:00-16:59,Nat,Other,1,1,8,2,1,8,1.0,
PM_PEAK,17:00-19:59,Nat,Other,1,1,8,2,1,8,1.25,
NIGHT,20:00-06:59,Nat,Other,1,1,8,2,1,8,0.7,
AM_PEAK,07:00-09:59,Nat,Other,1,2,8,2,1,9,1.2,
MIDDAY,10:00-16:59,Nat,Other,1,2,8,2,1,9,1.0,
PM_PEAK,17:00-19:59,Nat,Other,1,2,8,2,1,9,1.25,
NIGHT,20:00-06:59,Nat,Other,1,2,8,2,1,9,0.7,
AM_PEAK,07:00-09:59,Nat,Other,1,3,8,2,1,10,1.2,
MIDDAY,10:00-16:59,Nat,Other,1,3,8,2,1,10,1.0,
PM_PEAK,17:00-19:59,Nat,Other,1,3,8,2,1,10,1.25,
NIGHT,20:00-06:59,Nat,Other,1,3,8,2,1,10,0.7,
AM_PEAK,07:00-09:59,Nat,Other,1,4,8,2,1,11,1.2,
MIDDAY,10:00-16:59,Nat,Other,1,4,8,2,1,11,1.0,
PM_PEAK,17:00-19:59,Nat,Other,1,4,8,2,1,11,1.25,
NIGHT,20:00-06:59,Nat,Other,1,4,8,2,1,11,0.7,
AM_PEAK,07:00-09:59,Nat,Other,2,1,8,2,1,10,1.2,
MIDDAY,10:00-16:59,Nat,Other,2,1,8,2,1,10,1.0,
PM_PEAK,17:00-19:59,Nat,Other,2,1,8,2,1,10,1.25,
NIGHT,20:00-06:59,Nat,Other,2,1,8,2,1,10,0.7,
AM_PEAK,07:00-09:59,Nat,Other,2,2,8,2,1,8,1.2,
MIDDAY,10:00-16:59,Nat,Other,2,2,8,2,1,8,1.0,
PM_PEAK,17:00-19:59,Nat,Other,2,2,8,2,1,8,1.25,
NIGHT,20:00-06:59,Nat,Other,2,2,8,2,1,8,0.7,
AM_PEAK,07:00-09:59,Nat,Other,2,3,8,2,1,9,1.2,
MIDDAY,10:00-16:59,Nat,Other,2,3,8,2,1,9,1.0,
PM_PEAK,17:00-19:59,Nat,Other,2,3,8,2,1,9,1.25,
NIGHT,20:00-06:59,Nat,Other,2,3,8,2,1,9,0.7,
AM_PEAK,07:00-09:59,Nat,Other,2,4,8,2,1,10,1.2,
MIDDAY,10:00-16:59,Nat,Other,2,4,8,2,1,10,1.0,
PM_PEAK,17:00-19:59,Nat,Other,2,4,8,2,1,10,1.25,
NIGHT,20:00-06:59,Nat,Other,2,4,8,2,1,10,0.7,
AM_PEAK,07:00-09:59,Nat,Other,3,1,8,2,1,12,1.2,
MIDDAY,10:00-16:59,Nat,Other,3,1,8,2,1,12,1.0,
PM_PEAK,17:00-19:59,Nat,Other,3,1,8,2,1,12,1.25,
NIGHT,20:00-06:59,Nat,Other,3,1,8,2,1,12,0.7,
AM_PEAK,07:00-09:59,Nat,Other,3,2,8,2,1,10,1.2,
MIDDAY,10:00-16:59,Nat,Other,3,2,8,2,1,10,1.0,
PM_PEAK,17:00-19:59,Nat,Other,3,2,8,2,1,10,1.25,
NIGHT,20:00-06:59,Nat,Other,3,2,8,2,1,10,0.7,
AM_PEAK,07:00-09:59,Nat,Other,3,3,8,2,1,8,1.2,
MIDDAY,10:00-16:59,Nat,Other,3,3,8,2,1,8,1.0,
PM_PEAK,17:00-19:59,Nat,Other,3,3,8,2,1,8,1.25,
NIGHT,20:00-06:59,Nat,Other,3,3,8,2,1,8,0.7,
AM_PEAK,07:00-09:59,Nat,Other,3,4,8,2,1,9,1.2,
MIDDAY,10:00-16:59,Nat,Other,3,4,8,2,1,9,1.0,
PM_PEAK,17:00-19:59,Nat,Other,3,4,8,2,1,9,1.25,
NIGHT,20:00-06:59,Nat,Other,3,4,8,2,1,9,0.7,
AM_PEAK,07:00-09:59,Nat,Other,4,1,8,2,1,14,1.2,
MIDDAY,10:00-16:59,Nat,Other,4,1,8,2,1,14,1.0,
PM_PEAK,17:00-19:59,Nat,Other,4,1,8,2,1,14,1.25,
NIGHT,20:00-06:59,Nat,Other,4,1,8,2,1,14,0.7,
AM_PEAK,07:00-09:59,Nat,Other,4,2,8,2,1,12,1.2,
MIDDAY,10:00-16:59,Nat,Other,4,2,8,2,1,12,1.0,
PM_PEAK,17:00-19:59,Nat,Other,4,2,8,2,1,12,1.25,
NIGHT,20:00-06:59,Nat,Other,4,2,8,2,1,12,0.7,
AM_PEAK,07:00-09:59,Nat,Other,4,3,8,2,1,10,1.2,
MIDDAY,10:00-16:59,Nat,Other,4,3,8,2,1,10,1.0,
PM_PEAK,17:00-19:59,Nat,Other,4,3,8,2,1,10,1.25,
NIGHT,20:00-06:59,Nat,Other,4,3,8,2,1,10,0.7,
AM_PEAK,07:00-09:59,Nat,Other,4,4,8,2,1,8,1.2,
MIDDAY,10:00-16:59,Nat,Other,4,4,8,2,1,8,1.0,
PM_PEAK,17:00-19:59,Nat,Other,4,4,8,2,1,8,1.25,
NIGHT,20:00-06:59,Nat,Other,4,4,8,2,1,8,0.7,
AM_PEAK,07:00-09:59,Pref,Nat,1,1,3,2,1,3,1.2,
MIDDAY,10:00-16:59,Pref,Nat,1,1,3,2,1,3,1.0,
PM_PEAK,17:00-19:59,Pref,Nat,1,1,3,2,1,3,1.25,
NIGHT,20:00-06:59,Pref,Nat,1,1,3,2,1,3,0.7,
AM_PEAK,07:00-09:59,Pref,Nat,1,2,3,2,1,4,1.2,
MIDDAY,10:00-16:59,Pref,Nat,1,2,3,2,1,4,1.0,
PM_PEAK,17:00-19:59,Pref,Nat,1,2,3,2,1,4,1.25,
NIGHT,20:00-06:59,Pref,Nat,1,2,3,2,1,4,0.7,
AM_PEAK,07:00-09:59,Pref,Nat,1,3,3,2,1,5,1.2,
MIDDAY,10:00-16:59,Pref,Nat,1,3,3,2,1,5,1.0,
PM_PEAK,17:00-19:59,Pref,Nat,1,3,3,2,1,5,1.25,
NIGHT,20:00-06:59,Pref,Nat,1,3,3,2,1,5,0.7,
AM_PEAK,07:00-09:59,Pref,Nat,1,4,3,2,1,6,1.2,
MIDDAY,10:00-16:59,Pref,Nat,1,4,3,2,1,6,1.0,
PM_PEAK,17:00-19:59,Pref,Nat,1,4,3,2,1,6,1.25,
NIGHT,20:00-06:59,Pref,Nat,1,4,3,2,1,6,0.7,
AM_PEAK,07:00-09:59,Pref,Nat,2,1,3,2,1,5,1.2,
MIDDAY,10:00-16:59,Pref,Nat,2,1,3,2,1,5,1.0,
PM_PEAK,17:00-19:59,Pref,Nat,2,1,3,2,1,5,1.25,
NIGHT,20:00-06:59,Pref,Nat,2,1,3,2,1,5,0.7,
AM_PEAK,07:00-09:59,Pref,Nat,2,2,3,2,1,3,1.2,
MIDDAY,10:00-16:59,Pref,Nat,2,2,3,2,1,3,1.0,
PM_PEAK,17:00-19:59,Pref,Nat,2,2,3,2,1,3,1.25,
NIGHT,20:00-06:59,Pref,Nat,2,2,3,2,1,3,0.7,
AM_PEAK,07:00-09:59,Pref,Nat,2,3,3,2,1,4,1.2,
MIDDAY,10:00-16:59,Pref,Nat,2,3,3,2,1,4,1.0,
PM_PEAK,17:00-19:59,Pref,Nat,2,3,3,2,1,4,1.25,
NIGHT,20:00-06:59,Pref,Nat,2,3,3,2,1,4,0.7,
AM_PEAK,07:00-09:59,Pref,Nat,2,4,3,2,1,5,1.2,
MIDDAY,10:00-16:59,Pref,Nat,2,4,3,2,1,5,1.0,
PM_PEAK,17:00-19:59,Pref,Nat,2,4,3,2,1,5,1.25,
NIGHT,20:00-06:59,Pref,Nat,2,4,3,2,1,5,0.7,
AM_PEAK,07:00-09:59,Pref,Nat,3,1,3,2,1,7,1.2,
MIDDAY,10:00-16:59,Pref,Nat,3,1,3,2,1,7,1.0,
PM_PEAK,17:00-19:59,Pref,Nat,3,1,3,2,1,7,1.25,
NIGHT,20:00-06:59,Pref,Nat,3,1,3,2,1,7,0.7,
AM_PEAK,07:00-09:59,Pref,Nat,3,2,3,2,1,5,1.2,
MIDDAY,10:00-16:59,Pref,Nat,3,2,3,2,1,5,1.0,
PM_PEAK,17:00-19:59,Pref,Nat,3,2,3,2,1,5,1.25,
NIGHT,20:00-06:59,Pref,Nat,3,2,3,2,1,5,0.7,
AM_PEAK,07:00-09:59,Pref,Nat,3,3,3,2,1,3,1.2,
MIDDAY,10:00-16:59,Pref,Nat,3,3,3,2,1,3,1.0,
PM_PEAK,17:00-19:59,Pref,Nat,3,3,3,2,1,3,1.25,
NIGHT,20:00-06:59,Pref,Nat,3,3,3,2,1,3,0.7,
AM_PEAK,07:00-09:59,Pref,Nat,3,4,3,2,1,4,1.2,
MIDDAY,10:00-16:59,Pref,Nat,3,4,3,2,1,4,1.0,
PM_PEAK,17:00-19:59,Pref,Nat,3,4,3,2,1,4,1.25,
NIGHT,20:00-06:59,Pref,Nat,3,4,3,2,1,4,0.7,
AM_PEAK,07:00-09:59,Pref,Nat,4,1,3,2,1,9,1.2,
MIDDAY,10:00-16:59,Pref,Nat,4,1,3,2,1,9,1.0,
PM_PEAK,17:00-19:59,Pref,Nat,4,1,3,2,1,9,1.25,
NIGHT,20:00-06:59,Pref,Nat,4,1,3,2,1,9,0.7,
AM_PEAK,07:00-09:59,Pref,Nat,4,2,3,2,1,7,1.2,
MIDDAY,10:00-16:59,Pref,Nat,4,2,3,2,1,7,1.0,
PM_PEAK,17:00-19:59,Pref,Nat,4,2,3,2,1,7,1.25,
NIGHT,20:00-06:59,Pref,Nat,4,2,3,2,1,7,0.7,
AM_PEAK,07:00-09:59,Pref,Nat,4,3,3,2,1,5,1.2,
MIDDAY,10:00-16:59,Pref,Nat,4,3,3,2,1,5,1.0,
PM_PEAK,17:00-19:59,Pref,Nat,4,3,3,2,1,5,1.25,
NIGHT,20:00-06:59,Pref,Nat,4,3,3,2,1,5,0.7,
AM_PEAK,07:00-09:59,Pref,Nat,4,4,3,2,1,3,1.2,
MIDDAY,10:00-16:59,Pref,Nat,4,4,3,2,1,3,1.0,
PM_PEAK,17:00-19:59,Pref,Nat,4,4,3,2,1,3,1.25,
NIGHT,20:00-06:59,Pref,Nat,4,4,3,2,1,3,0.7,
AM_PEAK,07:00-09:59,Pref,Pref,1,1,2,2,1,2,1.2,
MIDDAY,10:00-16:59,Pref,Pref,1,1,2,2,1,2,1.0,
PM_PEAK,17:00-19:59,Pref,Pref,1,1,2,2,1,2,1.25,
NIGHT,20:00-06:59,Pref,Pref,1,1,2,2,1,2,0.7,
AM_PEAK,07:00-09:59,Pref,Pref,1,2,2,2,1,3,1.2,
MIDDAY,10:00-16:59,Pref,Pref,1,2,2,2,1,3,1.0,
PM_PEAK,17:00-19:59,Pref,Pref,1,2,2,2,1,3,1.25,
NIGHT,20:00-06:59,Pref,Pref,1,2,2,2,1,3,0.7,
AM_PEAK,07:00-09:59,Pref,Pref,1,3,2,2,1,4,1.2,
MIDDAY,10:00-16:59,Pref,Pref,1,3,2,2,1,4,1.0,
PM_PEAK,17:00-19:59,Pref,Pref,1,3,2,2,1,4,1.25,
NIGHT,20:00-06:59,Pref,Pref,1,3,2,2,1,4,0.7,
AM_PEAK,07:00-09:59,Pref,Pref,1,4,2,2,1,5,1.2,
MIDDAY,10:00-16:59,Pref,Pref,1,4,2,2,1,5,1.0,
PM_PEAK,17:00-19:59,Pref,Pref,1,4,2,2,1,5,1.25,
NIGHT,20:00-06:59,Pref,Pref,1,4,2,2,1,5,0.7,
AM_PEAK,07:00-09:59,Pref,Pref,2,1,2,2,1,4,1.2,
MIDDAY,10:00-16:59,Pref,Pref,2,1,2,2,1,4,1.0,
PM_PEAK,17:00-19:59,Pref,Pref,2,1,2,2,1,4,1.25,
NIGHT,20:00-06:59,Pref,Pref,2,1,2,2,1,4,0.7,
AM_PEAK,07:00-09:59,Pref,Pref,2,2,2,2,1,2,1.2,
MIDDAY,10:00-16:59,Pref,Pref,2,2,2,2,1,2,1.0,
PM_PEAK,17:00-19:59,Pref,Pref,2,2,2,2,1,2,1.25,
NIGHT,20:00-06:59,Pref,Pref,2,2,2,2,1,2,0.7,
AM_PEAK,07:00-09:59,Pref,Pref,2,3,2,2,1,3,1.2,
MIDDAY,10:00-16:59,Pref,Pref,2,3,2,2,1,3,1.0,
PM_PEAK,17:00-19:59,Pref,Pref,2,3,2,2,1,3,1.25,
NIGHT,20:00-06:59,Pref,Pref,2,3,2,2,1,3,0.7,
AM_PEAK,07:00-09:59,Pref,Pref,2,4,2,2,1,4,1.2,
MIDDAY,10:00-16:59,Pref,Pref,2,4,2,2,1,4,1.0,
PM_PEAK,17:00-19:59,Pref,Pref,2,4,2,2,1,4,1.25,
NIGHT,20:00-06:59,Pref,Pref,2,4,2,2,1,4,0.7,
AM_PEAK,07:00-09:59,Pref,Pref,3,1,2,2,1,6,1.2,
MIDDAY,10:00-16:59,Pref,Pref,3,1,2,2,1,6,1.0,
PM_PEAK,17:00-19:59,Pref,Pref,3,1,2,2,1,6,1.25,
NIGHT,20:00-06:59,Pref,Pref,3,1,2,2,1,6,0.7,
AM_PEAK,07:00-09:59,Pref,Pref,3,2,2,2,1,4,1.2,
MIDDAY,10:00-16:59,Pref,Pref,3,2,2,2,1,4,1.0,
PM_PEAK,17:00-19:59,Pref,Pref,3,2,2,2,1,4,1.25,
NIGHT,20:00-06:59,Pref,Pref,3,2,2,2,1,4,0.7,
AM_PEAK,07:00-09:59,Pref,Pref,3,3,2,2,1,2,1.2,
MIDDAY,10:00-16:59,Pref,Pref,3,3,2,2,1,2,1.0,
PM_PEAK,17:00-19:59,Pref,Pref,3,3,2,2,1,2,1.25,
NIGHT,20:00-06:59,Pref,Pref,3,3,2,2,1,2,0.7,
AM_PEAK,07:00-09:59,Pref,Pref,3,4,2,2,1,3,1.2,
MIDDAY,10:00-16:59,Pref,Pref,3,4,2,2,1,3,1.0,
PM_PEAK,17:00-19:59,Pref,Pref,3,4,2,2,1,3,1.25,
NIGHT,20:00-06:59,Pref,Pref,3,4,2,2,1,3,0.7,
AM_PEAK,07:00-09:59,Pref,Pref,4,1,2,2,1,8,1.2,
MIDDAY,10:00-16:59,Pref,Pref,4,1,2,2,1,8,1.0,
PM_PEAK,17:00-19:59,Pref,Pref,4,1,2,2,1,8,1.25,
NIGHT,20:00-06:59,Pref,Pref,4,1,2,2,1,8,0.7,
AM_PEAK,07:00-09:59,Pref,Pref,4,2,2,2,1,6,1.2,
MIDDAY,10:00-16:59,Pref,Pref,4,2,2,2,1,6,1.0,
PM_PEAK,17:00-19:59,Pref,Pref,4,2,2,2,1,6,1.25,
NIGHT,20:00-06:59,Pref,Pref,4,2,2,2,1,6,0.7,
AM_PEAK,07:00-09:59,Pref,Pref,4,3,2,2,1,4,1.2,
MIDDAY,10:00-16:59,Pref,Pref,4,3,2,2,1,4,1.0,
PM_PEAK,17:00-19:59,Pref,Pref,4,3,2,2,1,4,1.25,
NIGHT,20:00-06:59,Pref,Pref,4,3,2,2,1,4,0.7,
AM_PEAK,07:00-09:59,Pref,Pref,4,4,2,2,1,2,1.2,
MIDDAY,10:00-16:59,Pref,Pref,4,4,2,2,1,2,1.0,
PM_PEAK,17:00-19:59,Pref,Pref,4,4,2,2,1,2,1.25,
NIGHT,20:00-06:59,Pref,Pref,4,4,2,2,1,2,0.7,
AM_PEAK,07:00-09:59,Pref,Muni,1,1,4,2,1,4,1.2,
MIDDAY,10:00-16:59,Pref,Muni,1,1,4,2,1,4,1.0,
PM_PEAK,17:00-19:59,Pref,Muni,1,1,4,2,1,4,1.25,
NIGHT,20:00-06:59,Pref,Muni,1,1,4,2,1,4,0.7,
AM_PEAK,07:00-09:59,Pref,Muni,1,2,4,2,1,5,1.2,
MIDDAY,10:00-16:59,Pref,Muni,1,2,4,2,1,5,1.0,
PM_PEAK,17:00-19:59,Pref,Muni,1,2,4,2,1,5,1.25,
NIGHT,20:00-06:59,Pref,Muni,1,2,4,2,1,5,0.7,
AM_PEAK,07:00-09:59,Pref,Muni,1,3,4,2,1,6,1.2,
MIDDAY,10:00-16:59,Pref,Muni,1,3,4,2,1,6,1.0,
PM_PEAK,17:00-19:59,Pref,Muni,1,3,4,2,1,6,1.25,
NIGHT,20:00-06:59,Pref,Muni,1,3,4,2,1,6,0.7,
AM_PEAK,07:00-09:59,Pref,Muni,1,4,4,2,1,7,1.2,
MIDDAY,10:00-16:59,Pref,Muni,1,4,4,2,1,7,1.0,
PM_PEAK,17:00-19:59,Pref,Muni,1,4,4,2,1,7,1.25,
NIGHT,20:00-06:59,Pref,Muni,1,4,4,2,1,7,0.7,
AM_PEAK,07:00-09:59,Pref,Muni,2,1,4,2,1,6,1.2,
MIDDAY,10:00-16:59,Pref,Muni,2,1,4,2,1,6,1.0,
PM_PEAK,17:00-19:59,Pref,Muni,2,1,4,2,1,6,1.25,
NIGHT,20:00-06:59,Pref,Muni,2,1,4,2,1,6,0.7,
AM_PEAK,07:00-09:59,Pref,Muni,2,2,4,2,1,4,1.2,
MIDDAY,10:00-16:59,Pref,Muni,2,2,4,2,1,4,1.0,
PM_PEAK,17:00-19:59,Pref,Muni,2,2,4,2,1,4,1.25,
NIGHT,20:00-06:59,Pref,Muni,2,2,4,2,1,4,0.7,
AM_PEAK,07:00-09:59,Pref,Muni,2,3,4,2,1,5,1.2,
MIDDAY,10:00-16:59,Pref,Muni,2,3,4,2,1,5,1.0,
PM_PEAK,17:00-19:59,Pref,Muni,2,3,4,2,1,5,1.25,
NIGHT,20:00-06:59,Pref,Muni,2,3,4,2,1,5,0.7,
AM_PEAK,07:00-09:59,Pref,Muni,2,4,4,2,1,6,1.2,
MIDDAY,10:00-16:59,Pref,Muni,2,4,4,2,1,6,1.0,
PM_PEAK,17:00-19:59,Pref,Muni,2,4,4,2,1,6,1.25,
NIGHT,20:00-06:59,Pref,Muni,2,4,4,2,1,6,0.7,
AM_PEAK,07:00-09:59,Pref,Muni,3,1,4,2,1,8,1.2,
MIDDAY,10:00-16:59,Pref,Muni,3,1,4,2,1,8,1.0,
PM_PEAK,17:00-19:59,Pref,Muni,3,1,4,2,1,8,1.25,
NIGHT,20:00-06:59,Pref,Muni,3,1,4,2,1,8,0.7,
AM_PEAK,07:00-09:59,Pref,Muni,3,2,4,2,1,6,1.2,
MIDDAY,10:00-16:59,Pref,Muni,3,2,4,2,1,6,1.0,
PM_PEAK,17:00-19:59,Pref,Muni,3,2,4,2,1,6,1.25,
NIGHT,20:00-06:59,Pref,Muni,3,2,4,2,1,6,0.7,
AM_PEAK,07:00-09:59,Pref,Muni,3,3,4,2,1,4,1.2,
MIDDAY,10:00-16:59,Pref,Muni,3,3,4,2,1,4,1.0,
PM_PEAK,17:00-19:59,Pref,Muni,3,3,4,2,1,4,1.25,
NIGHT,20:00-06:59,Pref,Muni,3,3,4,2,1,4,0.7,
AM_PEAK,07:00-09:59,Pref,Muni,3,4,4,2,1,5,1.2,
MIDDAY,10:00-16:59,Pref,Muni,3,4,4,2,1,5,1.0,
PM_PEAK,17:00-19:59,Pref,Muni,3,4,4,2,1,5,1.25,
NIGHT,20:00-06:59,Pref,Muni,3,4,4,2,1,5,0.7,
AM_PEAK,07:00-09:59,Pref,Muni,4,1,4,2,1,10,1.2,
MIDDAY,10:00-16:59,Pref,Muni,4,1,4,2,1,10,1.0,
PM_PEAK,17:00-19:59,Pref,Muni,4,1,4,2,1,10,1.25,
NIGHT,20:00-06:59,Pref,Muni,4,1,4,2,1,10,0.7,
AM_PEAK,07:00-09:59,Pref,Muni,4,2,4,2,1,8,1.2,
MIDDAY,10:00-16:59,Pref,Muni,4,2,4,2,1,8,1.0,
PM_PEAK,17:00-19:59,Pref,Muni,4,2,4,2,1,8,1.25,
NIGHT,20:00-06:59,Pref,Muni,4,2,4,2,1,8,0.7,
AM_PEAK,07:00-09:59,Pref,Muni,4,3,4,2,1,6,1.2,
MIDDAY,10:00-16:59,Pref,Muni,4,3,4,2,1,6,1.0,
PM_PEAK,17:00-19:59,Pref,Muni,4,3,4,2,1,6,1.25,
NIGHT,20:00-06:59,Pref,Muni,4,3,4,2,1,6,0.7,
AM_PEAK,07:00-09:59,Pref,Muni,4,4,4,2,1,4,1.2,
MIDDAY,10:00-16:59,Pref,Muni,4,4,4,2,1,4,1.0,
PM_PEAK,17:00-19:59,Pref,Muni,4,4,4,2,1,4,1.25,
NIGHT,20:00-06:59,Pref,Muni,4,4,4,2,1,4,0.7,
AM_PEAK,07:00-09:59,Pref,Other,1,1,6,2,1,6,1.2,
MIDDAY,10:00-16:59,Pref,Other,1,1,6,2,1,6,1.0,
PM_PEAK,17:00-19:59,Pref,Other,1,1,6,2,1,6,1.25,
NIGHT,20:00-06:59,Pref,Other,1,1,6,2,1,6,0.7,
AM_PEAK,07:00-09:59,Pref,Other,1,2,6,2,1,7,1.2,
MIDDAY,10:00-16:59,Pref,Other,1,2,6,2,1,7,1.0,
PM_PEAK,17:00-19:59,Pref,Other,1,2,6,2,1,7,1.25,
NIGHT,20:00-06:59,Pref,Other,1,2,6,2,1,7,0.7,
AM_PEAK,07:00-09:59,Pref,Other,1,3,6,2,1,8,1.2,
MIDDAY,10:00-16:59,Pref,Other,1,3,6,2,1,8,1.0,
PM_PEAK,17:00-19:59,Pref,Other,1,3,6,2,1,8,1.25,
NIGHT,20:00-06:59,Pref,Other,1,3,6,2,1,8,0.7,
AM_PEAK,07:00-09:59,Pref,Other,1,4,6,2,1,9,1.2,
MIDDAY,10:00-16:59,Pref,Other,1,4,6,2,1,9,1.0,
PM_PEAK,17:00-19:59,Pref,Other,1,4,6,2,1,9,1.25,
NIGHT,20:00-06:59,Pref,Other,1,4,6,2,1,9,0.7,
AM_PEAK,07:00-09:59,Pref,Other,2,1,6,2,1,8,1.2,
MIDDAY,10:00-16:59,Pref,Other,2,1,6,2,1,8,1.0,
PM_PEAK,17:00-19:59,Pref,Other,2,1,6,2,1,8,1.25,
NIGHT,20:00-06:59,Pref,Other,2,1,6,2,1,8,0.7,
AM_PEAK,07:00-09:59,Pref,Other,2,2,6,2,1,6,1.2,
MIDDAY,10:00-16:59,Pref,Other,2,2,6,2,1,6,1.0,
PM_PEAK,17:00-19:59,Pref,Other,2,2,6,2,1,6,1.25,
NIGHT,20:00-06:59,Pref,Other,2,2,6,2,1,6,0.7,
AM_PEAK,07:00-09:59,Pref,Other,2,3,6,2,1,7,1.2,
MIDDAY,10:00-16:59,Pref,Other,2,3,6,2,1,7,1.0,
PM_PEAK,17:00-19:59,Pref,Other,2,3,6,2,1,7,1.25,
NIGHT,20:00-06:59,Pref,Other,2,3,6,2,1,7,0.7,
AM_PEAK,07:00-09:59,Pref,Other,2,4,6,2,1,8,1.2,
MIDDAY,10:00-16:59,Pref,Other,2,4,6,2,1,8,1.0,
PM_PEAK,17:00-19:59,Pref,Other,2,4,6,2,1,8,1.25,
NIGHT,20:00-06:59,Pref,Other,2,4,6,2,1,8,0.7,
AM_PEAK,07:00-09:59,Pref,Other,3,1,6,2,1,10,1.2,
MIDDAY,10:00-16:59,Pref,Other,3,1,6,2,1,10,1.0,
PM_PEAK,17:00-19:59,Pref,Other,3,1,6,2,1,10,1.25,
NIGHT,20:00-06:59,Pref,Other,3,1,6,2,1,10,0.7,
AM_PEAK,07:00-09:59,Pref,Other,3,2,6,2,1,8,1.2,
MIDDAY,10:00-16:59,Pref,Other,3,2,6,2,1,8,1.0,
PM_PEAK,17:00-19:59,Pref,Other,3,2,6,2,1,8,1.25,
NIGHT,20:00-06:59,Pref,Other,3,2,6,2,1,8,0.7,
AM_PEAK,07:00-09:59,Pref,Other,3,3,6,2,1,6,1.2,
MIDDAY,10:00-16:59,Pref,Other,3,3,6,2,1,6,1.0,
PM_PEAK,17:00-19:59,Pref,Other,3,3,6,2,1,6,1.25,
NIGHT,20:00-06:59,Pref,Other,3,3,6,2,1,6,0.7,
AM_PEAK,07:00-09:59,Pref,Other,3,4,6,2,1,7,1.2,
MIDDAY,10:00-16:59,Pref,Other,3,4,6,2,1,7,1.0,
PM_PEAK,17:00-19:59,Pref,Other,3,4,6,2,1,7,1.25,
NIGHT,20:00-06:59,Pref,Other,3,4,6,2,1,7,0.7,
AM_PEAK,07:00-09:59,Pref,Other,4,1,6,2,1,12,1.2,
MIDDAY,10:00-16:59,Pref,Other,4,1,6,2,1,12,1.0,
PM_PEAK,17:00-19:59,Pref,Other,4,1,6,2,1,12,1.25,
NIGHT,20:00-06:59,Pref,Other,4,1,6,2,1,12,0.7,
AM_PEAK,07:00-09:59,Pref,Other,4,2,6,2,1,10,1.2,
MIDDAY,10:00-16:59,Pref,Other,4,2,6,2,1,10,1.0,
PM_PEAK,17:00-19:59,Pref,Other,4,2,6,2,1,10,1.25,
NIGHT,20:00-06:59,Pref,Other,4,2,6,2,1,10,0.7,
AM_PEAK,07:00-09:59,Pref,Other,4,3,6,2,1,8,1.2,
MIDDAY,10:00-16:59,Pref,Other,4,3,6,2,1,8,1.0,
PM_PEAK,17:00-19:59,Pref,Other,4,3,6,2,1,8,1.25,
NIGHT,20:00-06:59,Pref,Other,4,3,6,2,1,8,0.7,
AM_PEAK,07:00-09:59,Pref,Other,4,4,6,2,1,6,1.2,
MIDDAY,10:00-16:59,Pref,Other,4,4,6,2,1,6,1.0,
PM_PEAK,17:00-19:59,Pref,Other,4,4,6,2,1,6,1.25,
NIGHT,20:00-06:59,Pref,Other,4,4,6,2,1,6,0.7,
AM_PEAK,07:00-09:59,Muni,Nat,1,1,4,2,1,4,1.2,
MIDDAY,10:00-16:59,Muni,Nat,1,1,4,2,1,4,1.0,
PM_PEAK,17:00-19:59,Muni,Nat,1,1,4,2,1,4,1.25,
NIGHT,20:00-06:59,Muni,Nat,1,1,4,2,1,4,0.7,
AM_PEAK,07:00-09:59,Muni,Nat,1,2,4,2,1,5,1.2,
MIDDAY,10:00-16:59,Muni,Nat,1,2,4,2,1,5,1.0,
PM_PEAK,17:00-19:59,Muni,Nat,1,2,4,2,1,5,1.25,
NIGHT,20:00-06:59,Muni,Nat,1,2,4,2,1,5,0.7,
AM_PEAK,07:00-09:59,Muni,Nat,1,3,4,2,1,6,1.2,
MIDDAY,10:00-16:59,Muni,Nat,1,3,4,2,1,6,1.0,
PM_PEAK,17:00-19:59,Muni,Nat,1,3,4,2,1,6,1.25,
NIGHT,20:00-06:59,Muni,Nat,1,3,4,2,1,6,0.7,
AM_PEAK,07:00-09:59,Muni,Nat,1,4,4,2,1,7,1.2,
MIDDAY,10:00-16:59,Muni,Nat,1,4,4,2,1,7,1.0,
PM_PEAK,17:00-19:59,Muni,Nat,1,4,4,2,1,7,1.25,
NIGHT,20:00-06:59,Muni,Nat,1,4,4,2,1,7,0.7,
AM_PEAK,07:00-09:59,Muni,Nat,2,1,4,2,1,6,1.2,
MIDDAY,10:00-16:59,Muni,Nat,2,1,4,2,1,6,1.0,
PM_PEAK,17:00-19:59,Muni,Nat,2,1,4,2,1,6,1.25,
NIGHT,20:00-06:59,Muni,Nat,2,1,4,2,1,6,0.7,
AM_PEAK,07:00-09:59,Muni,Nat,2,2,4,2,1,4,1.2,
MIDDAY,10:00-16:59,Muni,Nat,2,2,4,2,1,4,1.0,
PM_PEAK,17:00-19:59,Muni,Nat,2,2,4,2,1,4,1.25,
NIGHT,20:00-06:59,Muni,Nat,2,2,4,2,1,4,0.7,
AM_PEAK,07:00-09:59,Muni,Nat,2,3,4,2,1,5,1.2,
MIDDAY,10:00-16:59,Muni,Nat,2,3,4,2,1,5,1.0,
PM_PEAK,17:00-19:59,Muni,Nat,2,3,4,2,1,5,1.25,
NIGHT,20:00-06:59,Muni,Nat,2,3,4,2,1,5,0.7,
AM_PEAK,07:00-09:59,Muni,Nat,2,4,4,2,1,6,1.2,
MIDDAY,10:00-16:59,Muni,Nat,2,4,4,2,1,6,1.0,
PM_PEAK,17:00-19:59,Muni,Nat,2,4,4,2,1,6,1.25,
NIGHT,20:00-06:59,Muni,Nat,2,4,4,2,1,6,0.7,
AM_PEAK,07:00-09:59,Muni,Nat,3,1,4,2,1,8,1.2,
MIDDAY,10:00-16:59,Muni,Nat,3,1,4,2,1,8,1.0,
PM_PEAK,17:00-19:59,Muni,Nat,3,1,4,2,1,8,1.25,
NIGHT,20:00-06:59,Muni,Nat,3,1,4,2,1,8,0.7,
AM_PEAK,07:00-09:59,Muni,Nat,3,2,4,2,1,6,1.2,
MIDDAY,10:00-16:59,Muni,Nat,3,2,4,2,1,6,1.0,
PM_PEAK,17:00-19:59,Muni,Nat,3,2,4,2,1,6,1.25,
NIGHT,20:00-06:59,Muni,Nat,3,2,4,2,1,6,0.7,
AM_PEAK,07:00-09:59,Muni,Nat,3,3,4,2,1,4,1.2,
MIDDAY,10:00-16:59,Muni,Nat,3,3,4,2,1,4,1.0,
PM_PEAK,17:00-19:59,Muni,Nat,3,3,4,2,1,4,1.25,
NIGHT,20:00-06:59,Muni,Nat,3,3,4,2,1,4,0.7,
AM_PEAK,07:00-09:59,Muni,Nat,3,4,4,2,1,5,1.2,
MIDDAY,10:00-16:59,Muni,Nat,3,4,4,2,1,5,1.0,
PM_PEAK,17:00-19:59,Muni,Nat,3,4,4,2,1,5,1.25,
NIGHT,20:00-06:59,Muni,Nat,3,4,4,2,1,5,0.7,
AM_PEAK,07:00-09:59,Muni,Nat,4,1,4,2,1,10,1.2,
MIDDAY,10:00-16:59,Muni,Nat,4,1,4,2,1,10,1.0,
PM_PEAK,17:00-19:59,Muni,Nat,4,1,4,2,1,10,1.25,
NIGHT,20:00-06:59,Muni,Nat,4,1,4,2,1,10,0.7,
AM_PEAK,07:00-09:59,Muni,Nat,4,2,4,2,1,8,1.2,
MIDDAY,10:00-16:59,Muni,Nat,4,2,4,2,1,8,1.0,
PM_PEAK,17:00-19:59,Muni,Nat,4,2,4,2,1,8,1.25,
NIGHT,20:00-06:59,Muni,Nat,4,2,4,2,1,8,0.7,
AM_PEAK,07:00-09:59,Muni,Nat,4,3,4,2,1,6,1.2,
MIDDAY,10:00-16:59,Muni,Nat,4,3,4,2,1,6,1.0,
PM_PEAK,17:00-19:59,Muni,Nat,4,3,4,2,1,6,1.25,
NIGHT,20:00-06:59,Muni,Nat,4,3,4,2,1,6,0.7,
AM_PEAK,07:00-09:59,Muni,Nat,4,4,4,2,1,4,1.2,
MIDDAY,10:00-16:59,Muni,Nat,4,4,4,2,1,4,1.0,
PM_PEAK,17:00-19:59,Muni,Nat,4,4,4,2,1,4,1.25,
NIGHT,20:00-06:59,Muni,Nat,4,4,4,2,1,4,0.7,
AM_PEAK,07:00-09:59,Muni,Pref,1,1,3,2,1,3,1.2,
MIDDAY,10:00-16:59,Muni,Pref,1,1,3,2,1,3,1.0,
PM_PEAK,17:00-19:59,Muni,Pref,1,1,3,2,1,3,1.25,
NIGHT,20:00-06:59,Muni,Pref,1,1,3,2,1,3,0.7,
AM_PEAK,07:00-09:59,Muni,Pref,1,2,3,2,1,4,1.2,
MIDDAY,10:00-16:59,Muni,Pref,1,2,3,2,1,4,1.0,
PM_PEAK,17:00-19:59,Muni,Pref,1,2,3,2,1,4,1.25,
NIGHT,20:00-06:59,Muni,Pref,1,2,3,2,1,4,0.7,
AM_PEAK,07:00-09:59,Muni,Pref,1,3,3,2,1,5,1.2,
MIDDAY,10:00-16:59,Muni,Pref,1,3,3,2,1,5,1.0,
PM_PEAK,17:00-19:59,Muni,Pref,1,3,3,2,1,5,1.25,
NIGHT,20:00-06:59,Muni,Pref,1,3,3,2,1,5,0.7,
AM_PEAK,07:00-09:59,Muni,Pref,1,4,3,2,1,6,1.2,
MIDDAY,10:00-16:59,Muni,Pref,1,4,3,2,1,6,1.0,
PM_PEAK,17:00-19:59,Muni,Pref,1,4,3,2,1,6,1.25,
NIGHT,20:00-06:59,Muni,Pref,1,4,3,2,1,6,0.7,
AM_PEAK,07:00-09:59,Muni,Pref,2,1,3,2,1,5,1.2,
MIDDAY,10:00-16:59,Muni,Pref,2,1,3,2,1,5,1.0,
PM_PEAK,17:00-19:59,Muni,Pref,2,1,3,2,1,5,1.25,
NIGHT,20:00-06:59,Muni,Pref,2,1,3,2,1,5,0.7,
AM_PEAK,07:00-09:59,Muni,Pref,2,2,3,2,1,3,1.2,
MIDDAY,10:00-16:59,Muni,Pref,2,2,3,2,1,3,1.0,
PM_PEAK,17:00-19:59,Muni,Pref,2,2,3,2,1,3,1.25,
NIGHT,20:00-06:59,Muni,Pref,2,2,3,2,1,3,0.7,
AM_PEAK,07:00-09:59,Muni,Pref,2,3,3,2,1,4,1.2,
MIDDAY,10:00-16:59,Muni,Pref,2,3,3,2,1,4,1.0,
PM_PEAK,17:00-19:59,Muni,Pref,2,3,3,2,1,4,1.25,
NIGHT,20:00-06:59,Muni,Pref,2,3,3,2,1,4,0.7,
AM_PEAK,07:00-09:59,Muni,Pref,2,4,3,2,1,5,1.2,
MIDDAY,10:00-16:59,Muni,Pref,2,4,3,2,1,5,1.0,
PM_PEAK,17:00-19:59,Muni,Pref,2,4,3,2,1,5,1.25,
NIGHT,20:00-06:59,Muni,Pref,2,4,3,2,1,5,0.7,
AM_PEAK,07:00-09:59,Muni,Pref,3,1,3,2,1,7,1.2,
MIDDAY,10:00-16:59,Muni,Pref,3,1,3,2,1,7,1.0,
PM_PEAK,17:00-19:59,Muni,Pref,3,1,3,2,1,7,1.25,
NIGHT,20:00-06:59,Muni,Pref,3,1,3,2,1,7,0.7,
AM_PEAK,07:00-09:59,Muni,Pref,3,2,3,2,1,5,1.2,
MIDDAY,10:00-16:59,Muni,Pref,3,2,3,2,1,5,1.0,
PM_PEAK,17:00-19:59,Muni,Pref,3,2,3,2,1,5,1.25,
NIGHT,20:00-06:59,Muni,Pref,3,2,3,2,1,5,0.7,
AM_PEAK,07:00-09:59,Muni,Pref,3,3,3,2,1,3,1.2,
MIDDAY,10:00-16:59,Muni,Pref,3,3,3,2,1,3,1.0,
PM_PEAK,17:00-19:59,Muni,Pref,3,3,3,2,1,3,1.25,
NIGHT,20:00-06:59,Muni,Pref,3,3,3,2,1,3,0.7,
AM_PEAK,07:00-09:59,Muni,Pref,3,4,3,2,1,4,1.2,
MIDDAY,10:00-16:59,Muni,Pref,3,4,3,2,1,4,1.0,
PM_PEAK,17:00-19:59,Muni,Pref,3,4,3,2,1,4,1.25,
NIGHT,20:00-06:59,Muni,Pref,3,4,3,2,1,4,0.7,
AM_PEAK,07:00-09:59,Muni,Pref,4,1,3,2,1,9,1.2,
MIDDAY,10:00-16:59,Muni,Pref,4,1,3,2,1,9,1.0,
PM_PEAK,17:00-19:59,Muni,Pref,4,1,3,2,1,9,1.25,
NIGHT,20:00-06:59,Muni,Pref,4,1,3,2,1,9,0.7,
AM_PEAK,07:00-09:59,Muni,Pref,4,2,3,2,1,7,1.2,
MIDDAY,10:00-16:59,Muni,Pref,4,2,3,2,1,7,1.0,
PM_PEAK,17:00-19:59,Muni,Pref,4,2,3,2,1,7,1.25,
NIGHT,20:00-06:59,Muni,Pref,4,2,3,2,1,7,0.7,
AM_PEAK,07:00-09:59,Muni,Pref,4,3,3,2,1,5,1.2,
MIDDAY,10:00-16:59,Muni,Pref,4,3,3,2,1,5,1.0,
PM_PEAK,17:00-19:59,Muni,Pref,4,3,3,2,1,5,1.25,
NIGHT,20:00-06:59,Muni,Pref,4,3,3,2,1,5,0.7,
AM_PEAK,07:00-09:59,Muni,Pref,4,4,3,2,1,3,1.2,
MIDDAY,10:00-16:59,Muni,Pref,4,4,3,2,1,3,1.0,
PM_PEAK,17:00-19:59,Muni,Pref,4,4,3,2,1,3,1.25,
NIGHT,20:00-06:59,Muni,Pref,4,4,3,2,1,3,0.7,
AM_PEAK,07:00-09:59,Muni,Muni,1,1,2,2,1,2,1.2,
MIDDAY,10:00-16:59,Muni,Muni,1,1,2,2,1,2,1.0,
PM_PEAK,17:00-19:59,Muni,Muni,1,1,2,2,1,2,1.25,
NIGHT,20:00-06:59,Muni,Muni,1,1,2,2,1,2,0.7,
AM_PEAK,07:00-09:59,Muni,Muni,1,2,2,2,1,3,1.2,
MIDDAY,10:00-16:59,Muni,Muni,1,2,2,2,1,3,1.0,
PM_PEAK,17:00-19:59,Muni,Muni,1,2,2,2,1,3,1.25,
NIGHT,20:00-06:59,Muni,Muni,1,2,2,2,1,3,0.7,
AM_PEAK,07:00-09:59,Muni,Muni,1,3,2,2,1,4,1.2,
MIDDAY,10:00-16:59,Muni,Muni,1,3,2,2,1,4,1.0,
PM_PEAK,17:00-19:59,Muni,Muni,1,3,2,2,1,4,1.25,
NIGHT,20:00-06:59,Muni,Muni,1,3,2,2,1,4,0.7,
AM_PEAK,07:00-09:59,Muni,Muni,1,4,2,2,1,5,1.2,
MIDDAY,10:00-16:59,Muni,Muni,1,4,2,2,1,5,1.0,
PM_PEAK,17:00-19:59,Muni,Muni,1,4,2,2,1,5,1.25,
NIGHT,20:00-06:59,Muni,Muni,1,4,2,2,1,5,0.7,
AM_PEAK,07:00-09:59,Muni,Muni,2,1,2,2,1,4,1.2,
MIDDAY,10:00-16:59,Muni,Muni,2,1,2,2,1,4,1.0,
PM_PEAK,17:00-19:59,Muni,Muni,2,1,2,2,1,4,1.25,
NIGHT,20:00-06:59,Muni,Muni,2,1,2,2,1,4,0.7,
AM_PEAK,07:00-09:59,Muni,Muni,2,2,2,2,1,2,1.2,
MIDDAY,10:00-16:59,Muni,Muni,2,2,2,2,1,2,1.0,
PM_PEAK,17:00-19:59,Muni,Muni,2,2,2,2,1,2,1.25,
NIGHT,20:00-06:59,Muni,Muni,2,2,2,2,1,2,0.7,
AM_PEAK,07:00-09:59,Muni,Muni,2,3,2,2,1,3,1.2,
MIDDAY,10:00-16:59,Muni,Muni,2,3,2,2,1,3,1.0,
PM_PEAK,17:00-19:59,Muni,Muni,2,3,2,2,1,3,1.25,
NIGHT,20:00-06:59,Muni,Muni,2,3,2,2,1,3,0.7,
AM_PEAK,07:00-09:59,Muni,Muni,2,4,2,2,1,4,1.2,
MIDDAY,10:00-16:59,Muni,Muni,2,4,2,2,1,4,1.0,
PM_PEAK,17:00-19:59,Muni,Muni,2,4,2,2,1,4,1.25,
NIGHT,20:00-06:59,Muni,Muni,2,4,2,2,1,4,0.7,
AM_PEAK,07:00-09:59,Muni,Muni,3,1,2,2,1,6,1.2,
MIDDAY,10:00-16:59,Muni,Muni,3,1,2,2,1,6,1.0,
PM_PEAK,17:00-19:59,Muni,Muni,3,1,2,2,1,6,1.25,
NIGHT,20:00-06:59,Muni,Muni,3,1,2,2,1,6,0.7,
AM_PEAK,07:00-09:59,Muni,Muni,3,2,2,2,1,4,1.2,
MIDDAY,10:00-16:59,Muni,Muni,3,2,2,2,1,4,1.0,
PM_PEAK,17:00-19:59,Muni,Muni,3,2,2,2,1,4,1.25,
NIGHT,20:00-06:59,Muni,Muni,3,2,2,2,1,4,0.7,
AM_PEAK,07:00-09:59,Muni,Muni,3,3,2,2,1,2,1.2,
MIDDAY,10:00-16:59,Muni,Muni,3,3,2,2,1,2,1.0,
PM_PEAK,17:00-19:59,Muni,Muni,3,3,2,2,1,2,1.25,
NIGHT,20:00-06:59,Muni,Muni,3,3,2,2,1,2,0.7,
AM_PEAK,07:00-09:59,Muni,Muni,3,4,2,2,1,3,1.2,
MIDDAY,10:00-16:59,Muni,Muni,3,4,2,2,1,3,1.0,
PM_PEAK,17:00-19:59,Muni,Muni,3,4,2,2,1,3,1.25,
NIGHT,20:00-06:59,Muni,Muni,3,4,2,2,1,3,0.7,
AM_PEAK,07:00-09:59,Muni,Muni,4,1,2,2,1,8,1.2,
MIDDAY,10:00-16:59,Muni,Muni,4,1,2,2,1,8,1.0,
PM_PEAK,17:00-19:59,Muni,Muni,4,1,2,2,1,8,1.25,
NIGHT,20:00-06:59,Muni,Muni,4,1,2,2,1,8,0.7,
AM_PEAK,07:00-09:59,Muni,Muni,4,2,2,2,1,6,1.2,
MIDDAY,10:00-16:59,Muni,Muni,4,2,2,2,1,6,1.0,
PM_PEAK,17:00-19:59,Muni,Muni,4,2,2,2,1,6,1.25,
NIGHT,20:00-06:59,Muni,Muni,4,2,2,2,1,6,0.7,
AM_PEAK,07:00-09:59,Muni,Muni,4,3,2,2,1,4,1.2,
MIDDAY,10:00-16:59,Muni,Muni,4,3,2,2,1,4,1.0,
PM_PEAK,17:00-19:59,Muni,Muni,4,3,2,2,1,4,1.25,
NIGHT,20:00-06:59,Muni,Muni,4,3,2,2,1,4,0.7,
AM_PEAK,07:00-09:59,Muni,Muni,4,4,2,2,1,2,1.2,
MIDDAY,10:00-16:59,Muni,Muni,4,4,2,2,1,2,1.0,
PM_PEAK,17:00-19:59,Muni,Muni,4,4,2,2,1,2,1.25,
NIGHT,20:00-06:59,Muni,Muni,4,4,2,2,1,2,0.7,
AM_PEAK,07:00-09:59,Muni,Other,1,1,4,2,1,4,1.2,
MIDDAY,10:00-16:59,Muni,Other,1,1,4,2,1,4,1.0,
PM_PEAK,17:00-19:59,Muni,Other,1,1,4,2,1,4,1.25,
NIGHT,20:00-06:59,Muni,Other,1,1,4,2,1,4,0.7,
AM_PEAK,07:00-09:59,Muni,Other,1,2,4,2,1,5,1.2,
MIDDAY,10:00-16:59,Muni,Other,1,2,4,2,1,5,1.0,
PM_PEAK,17:00-19:59,Muni,Other,1,2,4,2,1,5,1.25,
NIGHT,20:00-06:59,Muni,Other,1,2,4,2,1,5,0.7,
AM_PEAK,07:00-09:59,Muni,Other,1,3,4,2,1,6,1.2,
MIDDAY,10:00-16:59,Muni,Other,1,3,4,2,1,6,1.0,
PM_PEAK,17:00-19:59,Muni,Other,1,3,4,2,1,6,1.25,
NIGHT,20:00-06:59,Muni,Other,1,3,4,2,1,6,0.7,
AM_PEAK,07:00-09:59,Muni,Other,1,4,4,2,1,7,1.2,
MIDDAY,10:00-16:59,Muni,Other,1,4,4,2,1,7,1.0,
PM_PEAK,17:00-19:59,Muni,Other,1,4,4,2,1,7,1.25,
NIGHT,20:00-06:59,Muni,Other,1,4,4,2,1,7,0.7,
AM_PEAK,07:00-09:59,Muni,Other,2,1,4,2,1,6,1.2,
MIDDAY,10:00-16:59,Muni,Other,2,1,4,2,1,6,1.0,
PM_PEAK,17:00-19:59,Muni,Other,2,1,4,2,1,6,1.25,
NIGHT,20:00-06:59,Muni,Other,2,1,4,2,1,6,0.7,
AM_PEAK,07:00-09:59,Muni,Other,2,2,4,2,1,4,1.2,
MIDDAY,10:00-16:59,Muni,Other,2,2,4,2,1,4,1.0,
PM_PEAK,17:00-19:59,Muni,Other,2,2,4,2,1,4,1.25,
NIGHT,20:00-06:59,Muni,Other,2,2,4,2,1,4,0.7,
AM_PEAK,07:00-09:59,Muni,Other,2,3,4,2,1,5,1.2,
MIDDAY,10:00-16:59,Muni,Other,2,3,4,2,1,5,1.0,
PM_PEAK,17:00-19:59,Muni,Other,2,3,4,2,1,5,1.25,
NIGHT,20:00-06:59,Muni,Other,2,3,4,2,1,5,0.7,
AM_PEAK,07:00-09:59,Muni,Other,2,4,4,2,1,6,1.2,
MIDDAY,10:00-16:59,Muni,Other,2,4,4,2,1,6,1.0,
PM_PEAK,17:00-19:59,Muni,Other,2,4,4,2,1,6,1.25,
NIGHT,20:00-06:59,Muni,Other,2,4,4,2,1,6,0.7,
AM_PEAK,07:00-09:59,Muni,Other,3,1,4,2,1,8,1.2,
MIDDAY,10:00-16:59,Muni,Other,3,1,4,2,1,8,1.0,
PM_PEAK,17:00-19:59,Muni,Other,3,1,4,2,1,8,1.25,
NIGHT,20:00-06:59,Muni,Other,3,1,4,2,1,8,0.7,
AM_PEAK,07:00-09:59,Muni,Other,3,2,4,2,1,6,1.2,
MIDDAY,10:00-16:59,Muni,Other,3,2,4,2,1,6,1.0,
PM_PEAK,17:00-19:59,Muni,Other,3,2,4,2,1,6,1.25,
NIGHT,20:00-06:59,Muni,Other,3,2,4,2,1,6,0.7,
AM_PEAK,07:00-09:59,Muni,Other,3,3,4,2,1,4,1.2,
MIDDAY,10:00-16:59,Muni,Other,3,3,4,2,1,4,1.0,
PM_PEAK,17:00-19:59,Muni,Other,3,3,4,2,1,4,1.25,
NIGHT,20:00-06:59,Muni,Other,3,3,4,2,1,4,0.7,
AM_PEAK,07:00-09:59,Muni,Other,3,4,4,2,1,5,1.2,
MIDDAY,10:00-16:59,Muni,Other,3,4,4,2,1,5,1.0,
PM_PEAK,17:00-19:59,Muni,Other,3,4,4,2,1,5,1.25,
NIGHT,20:00-06:59,Muni,Other,3,4,4,2,1,5,0.7,
AM_PEAK,07:00-09:59,Muni,Other,4,1,4,2,1,10,1.2,
MIDDAY,10:00-16:59,Muni,Other,4,1,4,2,1,10,1.0,
PM_PEAK,17:00-19:59,Muni,Other,4,1,4,2,1,10,1.25,
NIGHT,20:00-06:59,Muni,Other,4,1,4,2,1,10,0.7,
AM_PEAK,07:00-09:59,Muni,Other,4,2,4,2,1,8,1.2,
MIDDAY,10:00-16:59,Muni,Other,4,2,4,2,1,8,1.0,
PM_PEAK,17:00-19:59,Muni,Other,4,2,4,2,1,8,1.25,
NIGHT,20:00-06:59,Muni,Other,4,2,4,2,1,8,0.7,
AM_PEAK,07:00-09:59,Muni,Other,4,3,4,2,1,6,1.2,
MIDDAY,10:00-16:59,Muni,Other,4,3,4,2,1,6,1.0,
PM_PEAK,17:00-19:59,Muni,Other,4,3,4,2,1,6,1.25,
NIGHT,20:00-06:59,Muni,Other,4,3,4,2,1,6,0.7,
AM_PEAK,07:00-09:59,Muni,Other,4,4,4,2,1,4,1.2,
MIDDAY,10:00-16:59,Muni,Other,4,4,4,2,1,4,1.0,
PM_PEAK,17:00-19:59,Muni,Other,4,4,4,2,1,4,1.25,
NIGHT,20:00-06:59,Muni,Other,4,4,4,2,1,4,0.7,
AM_PEAK,07:00-09:59,Other,Nat,1,1,5,2,1,5,1.2,
MIDDAY,10:00-16:59,Other,Nat,1,1,5,2,1,5,1.0,
PM_PEAK,17:00-19:59,Other,Nat,1,1,5,2,1,5,1.25,
NIGHT,20:00-06:59,Other,Nat,1,1,5,2,1,5,0.7,
AM_PEAK,07:00-09:59,Other,Nat,1,2,5,2,1,6,1.2,
MIDDAY,10:00-16:59,Other,Nat,1,2,5,2,1,6,1.0,
PM_PEAK,17:00-19:59,Other,Nat,1,2,5,2,1,6,1.25,
NIGHT,20:00-06:59,Other,Nat,1,2,5,2,1,6,0.7,
AM_PEAK,07:00-09:59,Other,Nat,1,3,5,2,1,7,1.2,
MIDDAY,10:00-16:59,Other,Nat,1,3,5,2,1,7,1.0,
PM_PEAK,17:00-19:59,Other,Nat,1,3,5,2,1,7,1.25,
NIGHT,20:00-06:59,Other,Nat,1,3,5,2,1,7,0.7,
AM_PEAK,07:00-09:59,Other,Nat,1,4,5,2,1,8,1.2,
MIDDAY,10:00-16:59,Other,Nat,1,4,5,2,1,8,1.0,
PM_PEAK,17:00-19:59,Other,Nat,1,4,5,2,1,8,1.25,
NIGHT,20:00-06:59,Other,Nat,1,4,5,2,1,8,0.7,
AM_PEAK,07:00-09:59,Other,Nat,2,1,5,2,1,7,1.2,
MIDDAY,10:00-16:59,Other,Nat,2,1,5,2,1,7,1.0,
PM_PEAK,17:00-19:59,Other,Nat,2,1,5,2,1,7,1.25,
NIGHT,20:00-06:59,Other,Nat,2,1,5,2,1,7,0.7,
AM_PEAK,07:00-09:59,Other,Nat,2,2,5,2,1,5,1.2,
MIDDAY,10:00-16:59,Other,Nat,2,2,5,2,1,5,1.0,
PM_PEAK,17:00-19:59,Other,Nat,2,2,5,2,1,5,1.25,
NIGHT,20:00-06:59,Other,Nat,2,2,5,2,1,5,0.7,
AM_PEAK,07:00-09:59,Other,Nat,2,3,5,2,1,6,1.2,
MIDDAY,10:00-16:59,Other,Nat,2,3,5,2,1,6,1.0,
PM_PEAK,17:00-19:59,Other,Nat,2,3,5,2,1,6,1.25,
NIGHT,20:00-06:59,Other,Nat,2,3,5,2,1,6,0.7,
AM_PEAK,07:00-09:59,Other,Nat,2,4,5,2,1,7,1.2,
MIDDAY,10:00-16:59,Other,Nat,2,4,5,2,1,7,1.0,
PM_PEAK,17:00-19:59,Other,Nat,2,4,5,2,1,7,1.25,
NIGHT,20:00-06:59,Other,Nat,2,4,5,2,1,7,0.7,
AM_PEAK,07:00-09:59,Other,Nat,3,1,5,2,1,9,1.2,
MIDDAY,10:00-16:59,Other,Nat,3,1,5,2,1,9,1.0,
PM_PEAK,17:00-19:59,Other,Nat,3,1,5,2,1,9,1.25,
NIGHT,20:00-06:59,Other,Nat,3,1,5,2,1,9,0.7,
AM_PEAK,07:00-09:59,Other,Nat,3,2,5,2,1,7,1.2,
MIDDAY,10:00-16:59,Other,Nat,3,2,5,2,1,7,1.0,
PM_PEAK,17:00-19:59,Other,Nat,3,2,5,2,1,7,1.25,
NIGHT,20:00-06:59,Other,Nat,3,2,5,2,1,7,0.7,
AM_PEAK,07:00-09:59,Other,Nat,3,3,5,2,1,5,1.2,
MIDDAY,10:00-16:59,Other,Nat,3,3,5,2,1,5,1.0,
PM_PEAK,17:00-19:59,Other,Nat,3,3,5,2,1,5,1.25,
NIGHT,20:00-06:59,Other,Nat,3,3,5,2,1,5,0.7,
AM_PEAK,07:00-09:59,Other,Nat,3,4,5,2,1,6,1.2,
MIDDAY,10:00-16:59,Other,Nat,3,4,5,2,1,6,1.0,
PM_PEAK,17:00-19:59,Other,Nat,3,4,5,2,1,6,1.25,
NIGHT,20:00-06:59,Other,Nat,3,4,5,2,1,6,0.7,
AM_PEAK,07:00-09:59,Other,Nat,4,1,5,2,1,11,1.2,
MIDDAY,10:00-16:59,Other,Nat,4,1,5,2,1,11,1.0,
PM_PEAK,17:00-19:59,Other,Nat,4,1,5,2,1,11,1.25,
NIGHT,20:00-06:59,Other,Nat,4,1,5,2,1,11,0.7,
AM_PEAK,07:00-09:59,Other,Nat,4,2,5,2,1,9,1.2,
MIDDAY,10:00-16:59,Other,Nat,4,2,5,2,1,9,1.0,
PM_PEAK,17:00-19:59,Other,Nat,4,2,5,2,1,9,1.25,
NIGHT,20:00-06:59,Other,Nat,4,2,5,2,1,9,0.7,
AM_PEAK,07:00-09:59,Other,Nat,4,3,5,2,1,7,1.2,
MIDDAY,10:00-16:59,Other,Nat,4,3,5,2,1,7,1.0,
PM_PEAK,17:00-19:59,Other,Nat,4,3,5,2,1,7,1.25,
NIGHT,20:00-06:59,Other,Nat,4,3,5,2,1,7,0.7,
AM_PEAK,07:00-09:59,Other,Nat,4,4,5,2,1,5,1.2,
MIDDAY,10:00-16:59,Other,Nat,4,4,5,2,1,5,1.0,
PM_PEAK,17:00-19:59,Other,Nat,4,4,5,2,1,5,1.25,
NIGHT,20:00-06:59,Other,Nat,4,4,5,2,1,5,0.7,
AM_PEAK,07:00-09:59,Other,Pref,1,1,4,2,1,4,1.2,
MIDDAY,10:00-16:59,Other,Pref,1,1,4,2,1,4,1.0,
PM_PEAK,17:00-19:59,Other,Pref,1,1,4,2,1,4,1.25,
NIGHT,20:00-06:59,Other,Pref,1,1,4,2,1,4,0.7,
AM_PEAK,07:00-09:59,Other,Pref,1,2,4,2,1,5,1.2,
MIDDAY,10:00-16:59,Other,Pref,1,2,4,2,1,5,1.0,
PM_PEAK,17:00-19:59,Other,Pref,1,2,4,2,1,5,1.25,
NIGHT,20:00-06:59,Other,Pref,1,2,4,2,1,5,0.7,
AM_PEAK,07:00-09:59,Other,Pref,1,3,4,2,1,6,1.2,
MIDDAY,10:00-16:59,Other,Pref,1,3,4,2,1,6,1.0,
PM_PEAK,17:00-19:59,Other,Pref,1,3,4,2,1,6,1.25,
NIGHT,20:00-06:59,Other,Pref,1,3,4,2,1,6,0.7,
AM_PEAK,07:00-09:59,Other,Pref,1,4,4,2,1,7,1.2,
MIDDAY,10:00-16:59,Other,Pref,1,4,4,2,1,7,1.0,
PM_PEAK,17:00-19:59,Other,Pref,1,4,4,2,1,7,1.25,
NIGHT,20:00-06:59,Other,Pref,1,4,4,2,1,7,0.7,
AM_PEAK,07:00-09:59,Other,Pref,2,1,4,2,1,6,1.2,
MIDDAY,10:00-16:59,Other,Pref,2,1,4,2,1,6,1.0,
PM_PEAK,17:00-19:59,Other,Pref,2,1,4,2,1,6,1.25,
NIGHT,20:00-06:59,Other,Pref,2,1,4,2,1,6,0.7,
AM_PEAK,07:00-09:59,Other,Pref,2,2,4,2,1,4,1.2,
MIDDAY,10:00-16:59,Other,Pref,2,2,4,2,1,4,1.0,
PM_PEAK,17:00-19:59,Other,Pref,2,2,4,2,1,4,1.25,
NIGHT,20:00-06:59,Other,Pref,2,2,4,2,1,4,0.7,
AM_PEAK,07:00-09:59,Other,Pref,2,3,4,2,1,5,1.2,
MIDDAY,10:00-16:59,Other,Pref,2,3,4,2,1,5,1.0,
PM_PEAK,17:00-19:59,Other,Pref,2,3,4,2,1,5,1.25,
NIGHT,20:00-06:59,Other,Pref,2,3,4,2,1,5,0.7,
AM_PEAK,07:00-09:59,Other,Pref,2,4,4,2,1,6,1.2,
MIDDAY,10:00-16:59,Other,Pref,2,4,4,2,1,6,1.0,
PM_PEAK,17:00-19:59,Other,Pref,2,4,4,2,1,6,1.25,
NIGHT,20:00-06:59,Other,Pref,2,4,4,2,1,6,0.7,
AM_PEAK,07:00-09:59,Other,Pref,3,1,4,2,1,8,1.2,
MIDDAY,10:00-16:59,Other,Pref,3,1,4,2,1,8,1.0,
PM_PEAK,17:00-19:59,Other,Pref,3,1,4,2,1,8,1.25,
NIGHT,20:00-06:59,Other,Pref,3,1,4,2,1,8,0.7,
AM_PEAK,07:00-09:59,Other,Pref,3,2,4,2,1,6,1.2,
MIDDAY,10:00-16:59,Other,Pref,3,2,4,2,1,6,1.0,
PM_PEAK,17:00-19:59,Other,Pref,3,2,4,2,1,6,1.25,
NIGHT,20:00-06:59,Other,Pref,3,2,4,2,1,6,0.7,
AM_PEAK,07:00-09:59,Other,Pref,3,3,4,2,1,4,1.2,
MIDDAY,10:00-16:59,Other,Pref,3,3,4,2,1,4,1.0,
PM_PEAK,17:00-19:59,Other,Pref,3,3,4,2,1,4,1.25,
NIGHT,20:00-06:59,Other,Pref,3,3,4,2,1,4,0.7,
AM_PEAK,07:00-09:59,Other,Pref,3,4,4,2,1,5,1.2,
MIDDAY,10:00-16:59,Other,Pref,3,4,4,2,1,5,1.0,
PM_PEAK,17:00-19:59,Other,Pref,3,4,4,2,1,5,1.25,
NIGHT,20:00-06:59,Other,Pref,3,4,4,2,1,5,0.7,
AM_PEAK,07:00-09:59,Other,Pref,4,1,4,2,1,10,1.2,
MIDDAY,10:00-16:59,Other,Pref,4,1,4,2,1,10,1.0,
PM_PEAK,17:00-19:59,Other,Pref,4,1,4,2,1,10,1.25,
NIGHT,20:00-06:59,Other,Pref,4,1,4,2,1,10,0.7,
AM_PEAK,07:00-09:59,Other,Pref,4,2,4,2,1,8,1.2,
MIDDAY,10:00-16:59,Other,Pref,4,2,4,2,1,8,1.0,
PM_PEAK,17:00-19:59,Other,Pref,4,2,4,2,1,8,1.25,
NIGHT,20:00-06:59,Other,Pref,4,2,4,2,1,8,0.7,
AM_PEAK,07:00-09:59,Other,Pref,4,3,4,2,1,6,1.2,
MIDDAY,10:00-16:59,Other,Pref,4,3,4,2,1,6,1.0,
PM_PEAK,17:00-19:59,Other,Pref,4,3,4,2,1,6,1.25,
NIGHT,20:00-06:59,Other,Pref,4,3,4,2,1,6,0.7,
AM_PEAK,07:00-09:59,Other,Pref,4,4,4,2,1,4,1.2,
MIDDAY,10:00-16:59,Other,Pref,4,4,4,2,1,4,1.0,
PM_PEAK,17:00-19:59,Other,Pref,4,4,4,2,1,4,1.25,
NIGHT,20:00-06:59,Other,Pref,4,4,4,2,1,4,0.7,
AM_PEAK,07:00-09:59,Other,Muni,1,1,3,2,1,3,1.2,
MIDDAY,10:00-16:59,Other,Muni,1,1,3,2,1,3,1.0,
PM_PEAK,17:00-19:59,Other,Muni,1,1,3,2,1,3,1.25,
NIGHT,20:00-06:59,Other,Muni,1,1,3,2,1,3,0.7,
AM_PEAK,07:00-09:59,Other,Muni,1,2,3,2,1,4,1.2,
MIDDAY,10:00-16:59,Other,Muni,1,2,3,2,1,4,1.0,
PM_PEAK,17:00-19:59,Other,Muni,1,2,3,2,1,4,1.25,
NIGHT,20:00-06:59,Other,Muni,1,2,3,2,1,4,0.7,
AM_PEAK,07:00-09:59,Other,Muni,1,3,3,2,1,5,1.2,
MIDDAY,10:00-16:59,Other,Muni,1,3,3,2,1,5,1.0,
PM_PEAK,17:00-19:59,Other,Muni,1,3,3,2,1,5,1.25,
NIGHT,20:00-06:59,Other,Muni,1,3,3,2,1,5,0.7,
AM_PEAK,07:00-09:59,Other,Muni,1,4,3,2,1,6,1.2,
MIDDAY,10:00-16:59,Other,Muni,1,4,3,2,1,6,1.0,
PM_PEAK,17:00-19:59,Other,Muni,1,4,3,2,1,6,1.25,
NIGHT,20:00-06:59,Other,Muni,1,4,3,2,1,6,0.7,
AM_PEAK,07:00-09:59,Other,Muni,2,1,3,2,1,5,1.2,
MIDDAY,10:00-16:59,Other,Muni,2,1,3,2,1,5,1.0,
PM_PEAK,17:00-19:59,Other,Muni,2,1,3,2,1,5,1.25,
NIGHT,20:00-06:59,Other,Muni,2,1,3,2,1,5,0.7,
AM_PEAK,07:00-09:59,Other,Muni,2,2,3,2,1,3,1.2,
MIDDAY,10:00-16:59,Other,Muni,2,2,3,2,1,3,1.0,
PM_PEAK,17:00-19:59,Other,Muni,2,2,3,2,1,3,1.25,
NIGHT,20:00-06:59,Other,Muni,2,2,3,2,1,3,0.7,
AM_PEAK,07:00-09:59,Other,Muni,2,3,3,2,1,4,1.2,
MIDDAY,10:00-16:59,Other,Muni,2,3,3,2,1,4,1.0,
PM_PEAK,17:00-19:59,Other,Muni,2,3,3,2,1,4,1.25,
NIGHT,20:00-06:59,Other,Muni,2,3,3,2,1,4,0.7,
AM_PEAK,07:00-09:59,Other,Muni,2,4,3,2,1,5,1.2,
MIDDAY,10:00-16:59,Other,Muni,2,4,3,2,1,5,1.0,
PM_PEAK,17:00-19:59,Other,Muni,2,4,3,2,1,5,1.25,
NIGHT,20:00-06:59,Other,Muni,2,4,3,2,1,5,0.7,
AM_PEAK,07:00-09:59,Other,Muni,3,1,3,2,1,7,1.2,
MIDDAY,10:00-16:59,Other,Muni,3,1,3,2,1,7,1.0,
PM_PEAK,17:00-19:59,Other,Muni,3,1,3,2,1,7,1.25,
NIGHT,20:00-06:59,Other,Muni,3,1,3,2,1,7,0.7,
AM_PEAK,07:00-09:59,Other,Muni,3,2,3,2,1,5,1.2,
MIDDAY,10:00-16:59,Other,Muni,3,2,3,2,1,5,1.0,
PM_PEAK,17:00-19:59,Other,Muni,3,2,3,2,1,5,1.25,
NIGHT,20:00-06:59,Other,Muni,3,2,3,2,1,5,0.7,
AM_PEAK,07:00-09:59,Other,Muni,3,3,3,2,1,3,1.2,
MIDDAY,10:00-16:59,Other,Muni,3,3,3,2,1,3,1.0,
PM_PEAK,17:00-19:59,Other,Muni,3,3,3,2,1,3,1.25,
NIGHT,20:00-06:59,Other,Muni,3,3,3,2,1,3,0.7,
AM_PEAK,07:00-09:59,Other,Muni,3,4,3,2,1,4,1.2,
MIDDAY,10:00-16:59,Other,Muni,3,4,3,2,1,4,1.0,
PM_PEAK,17:00-19:59,Other,Muni,3,4,3,2,1,4,1.25,
NIGHT,20:00-06:59,Other,Muni,3,4,3,2,1,4,0.7,
AM_PEAK,07:00-09:59,Other,Muni,4,1,3,2,1,9,1.2,
MIDDAY,10:00-16:59,Other,Muni,4,1,3,2,1,9,1.0,
PM_PEAK,17:00-19:59,Other,Muni,4,1,3,2,1,9,1.25,
NIGHT,20:00-06:59,Other,Muni,4,1,3,2,1,9,0.7,
AM_PEAK,07:00-09:59,Other,Muni,4,2,3,2,1,7,1.2,
MIDDAY,10:00-16:59,Other,Muni,4,2,3,2,1,7,1.0,
PM_PEAK,17:00-19:59,Other,Muni,4,2,3,2,1,7,1.25,
NIGHT,20:00-06:59,Other,Muni,4,2,3,2,1,7,0.7,
AM_PEAK,07:00-09:59,Other,Muni,4,3,3,2,1,5,1.2,
MIDDAY,10:00-16:59,Other,Muni,4,3,3,2,1,5,1.0,
PM_PEAK,17:00-19:59,Other,Muni,4,3,3,2,1,5,1.25,
NIGHT,20:00-06:59,Other,Muni,4,3,3,2,1,5,0.7,
AM_PEAK,07:00-09:59,Other,Muni,4,4,3,2,1,3,1.2,
MIDDAY,10:00-16:59,Other,Muni,4,4,3,2,1,3,1.0,
PM_PEAK,17:00-19:59,Other,Muni,4,4,3,2,1,3,1.25,
NIGHT,20:00-06:59,Other,Muni,4,4,3,2,1,3,0.7,
AM_PEAK,07:00-09:59,Other,Other,1,1,2,2,1,2,1.2,
MIDDAY,10:00-16:59,Other,Other,1,1,2,2,1,2,1.0,
PM_PEAK,17:00-19:59,Other,Other,1,1,2,2,1,2,1.25,
NIGHT,20:00-06:59,Other,Other,1,1,2,2,1,2,0.7,
AM_PEAK,07:00-09:59,Other,Other,1,2,2,2,1,3,1.2,
MIDDAY,10:00-16:59,Other,Other,1,2,2,2,1,3,1.0,
PM_PEAK,17:00-19:59,Other,Other,1,2,2,2,1,3,1.25,
NIGHT,20:00-06:59,Other,Other,1,2,2,2,1,3,0.7,
AM_PEAK,07:00-09:59,Other,Other,1,3,2,2,1,4,1.2,
MIDDAY,10:00-16:59,Other,Other,1,3,2,2,1,4,1.0,
PM_PEAK,17:00-19:59,Other,Other,1,3,2,2,1,4,1.25,
NIGHT,20:00-06:59,Other,Other,1,3,2,2,1,4,0.7,
AM_PEAK,07:00-09:59,Other,Other,1,4,2,2,1,5,1.2,
MIDDAY,10:00-16:59,Other,Other,1,4,2,2,1,5,1.0,
PM_PEAK,17:00-19:59,Other,Other,1,4,2,2,1,5,1.25,
NIGHT,20:00-06:59,Other,Other,1,4,2,2,1,5,0.7,
AM_PEAK,07:00-09:59,Other,Other,2,1,2,2,1,4,1.2,
MIDDAY,10:00-16:59,Other,Other,2,1,2,2,1,4,1.0,
PM_PEAK,17:00-19:59,Other,Other,2,1,2,2,1,4,1.25,
NIGHT,20:00-06:59,Other,Other,2,1,2,2,1,4,0.7,
AM_PEAK,07:00-09:59,Other,Other,2,2,2,2,1,2,1.2,
MIDDAY,10:00-16:59,Other,Other,2,2,2,2,1,2,1.0,
PM_PEAK,17:00-19:59,Other,Other,2,2,2,2,1,2,1.25,
NIGHT,20:00-06:59,Other,Other,2,2,2,2,1,2,0.7,
AM_PEAK,07:00-09:59,Other,Other,2,3,2,2,1,3,1.2,
MIDDAY,10:00-16:59,Other,Other,2,3,2,2,1,3,1.0,
PM_PEAK,17:00-19:59,Other,Other,2,3,2,2,1,3,1.25,
NIGHT,20:00-06:59,Other,Other,2,3,2,2,1,3,0.7,
AM_PEAK,07:00-09:59,Other,Other,2,4,2,2,1,4,1.2,
MIDDAY,10:00-16:59,Other,Other,2,4,2,2,1,4,1.0,
PM_PEAK,17:00-19:59,Other,Other,2,4,2,2,1,4,1.25,
NIGHT,20:00-06:59,Other,Other,2,4,2,2,1,4,0.7,
AM_PEAK,07:00-09:59,Other,Other,3,1,2,2,1,6,1.2,
MIDDAY,10:00-16:59,Other,Other,3,1,2,2,1,6,1.0,
PM_PEAK,17:00-19:59,Other,Other,3,1,2,2,1,6,1.25,
NIGHT,20:00-06:59,Other,Other,3,1,2,2,1,6,0.7,
AM_PEAK,07:00-09:59,Other,Other,3,2,2,2,1,4,1.2,
MIDDAY,10:00-16:59,Other,Other,3,2,2,2,1,4,1.0,
PM_PEAK,17:00-19:59,Other,Other,3,2,2,2,1,4,1.25,
NIGHT,20:00-06:59,Other,Other,3,2,2,2,1,4,0.7,
AM_PEAK,07:00-09:59,Other,Other,3,3,2,2,1,2,1.2,
MIDDAY,10:00-16:59,Other,Other,3,3,2,2,1,2,1.0,
PM_PEAK,17:00-19:59,Other,Other,3,3,2,2,1,2,1.25,
NIGHT,20:00-06:59,Other,Other,3,3,2,2,1,2,0.7,
AM_PEAK,07:00-09:59,Other,Other,3,4,2,2,1,3,1.2,
MIDDAY,10:00-16:59,Other,Other,3,4,2,2,1,3,1.0,
PM_PEAK,17:00-19:59,Other,Other,3,4,2,2,1,3,1.25,
NIGHT,20:00-06:59,Other,Other,3,4,2,2,1,3,0.7,
AM_PEAK,07:00-09:59,Other,Other,4,1,2,2,1,8,1.2,
MIDDAY,10:00-16:59,Other,Other,4,1,2,2,1,8,1.0,
PM_PEAK,17:00-19:59,Other,Other,4,1,2,2,1,8,1.25,
NIGHT,20:00-06:59,Other,Other,4,1,2,2,1,8,0.7,
AM_PEAK,07:00-09:59,Other,Other,4,2,2,2,1,6,1.2,
MIDDAY,10:00-16:59,Other,Other,4,2,2,2,1,6,1.0,
PM_PEAK,17:00-19:59,Other,Other,4,2,2,2,1,6,1.25,
NIGHT,20:00-06:59,Other,Other,4,2,2,2,1,6,0.7,
AM_PEAK,07:00-09:59,Other,Other,4,3,2,2,1,4,1.2,
MIDDAY,10:00-16:59,Other,Other,4,3,2,2,1,4,1.0,
PM_PEAK,17:00-19:59,Other,Other,4,3,2,2,1,4,1.25,
NIGHT,20:00-06:59,Other,Other,4,3,2,2,1,4,0.7,
AM_PEAK,07:00-09:59,Other,Other,4,4,2,2,1,2,1.2,
MIDDAY,10:00-16:59,Other,Other,4,4,2,2,1,2,1.0,
PM_PEAK,17:00-19:59,Other,Other,4,4,2,2,1,2,1.25,
NIGHT,20:00-06:59,Other,Other,4,4,2,2,1,2,0.7,
